ID, Name, Email
4, Yoni, yoni@ownbackup.com
5, Yoni, yoni@ownbackup.com
6, Yoni, yoni@ownbackup.com
10, Yoni, yoni@ownbackup.com
11, Yoni, yoni@ownbackup.com
12, Yoni, yoni@ownbackup.com
16, Yoni, yoni@ownbackup.com
17, Yoni, yoni@ownbackup.com
18, Yoni, yoni@ownbackup.com
22, Yoni, yoni@ownbackup.com
23, Yoni, yoni@ownbackup.com
24, Yoni, yoni@ownbackup.com
28, Yoni, yoni@ownbackup.com
35, Yoni, yoni@ownbackup.com
36, Yoni, yoni@ownbackup.com
40, Yoni, yoni@ownbackup.com
50, Yoni, yoni@ownbackup.com